product_category,ingredient_count,processing_risk_score,ambiguous_terms_count,certification_gluten_free,dedicated_facility,historical_recall_rate,cross_contact_warning_present,risk_level
snacks,5,0.1,0,1,1,0.02,0,0
bakery,14,0.85,3,0,0,0.45,1,2
cereal,18,0.7,2,0,0,0.3,1,2
dairy,3,0.05,0,1,1,0.01,0,0
condiments,12,0.6,3,0,0,0.25,0,1
sauces,15,0.75,4,0,0,0.35,1,2
candy,8,0.4,1,0,0,0.15,0,1
beverages,4,0.02,0,1,1,0.01,0,0
meat_alt,16,0.65,3,0,0,0.4,1,2
snacks,7,0.2,1,1,0,0.05,0,0
frozen_meals,22,0.8,5,0,0,0.5,1,2
bakery_gf,9,0.15,1,1,1,0.03,0,0
pasta_corn,2,0.05,0,1,1,0.01,0,0
pasta_wheat,1,0.99,0,0,0,0.6,0,2
granola,11,0.75,2,0,0,0.38,1,2
granola_gf,8,0.2,0,1,1,0.04,0,0
soup,16,0.68,3,0,0,0.32,0,1
salad_dressing,13,0.55,2,0,0,0.22,0,1
energy_bar,10,0.8,2,0,0,0.42,1,2
chocolate,6,0.45,1,0,0,0.18,1,1
chocolate_dark,4,0.1,0,1,1,0.02,0,0
ice_cream,11,0.6,2,0,0,0.28,1,1
chips_corn,3,0.05,0,1,1,0.01,0,0
chips_flavored,12,0.5,3,0,0,0.2,0,1
protein_powder,15,0.7,2,0,0,0.35,1,2
seasoning_blend,9,0.45,3,0,0,0.15,0,1
canned_beans,2,0.01,0,1,1,0.01,0,0
bread_artisanal,6,0.95,1,0,0,0.55,1,2
cookies,12,0.9,2,0,0,0.48,1,2
almond_milk,5,0.85,1,1,0,0.2,1,2
oat_milk_certified,4,0.08,0,1,1,0.02,0,0
oat_milk_regular,4,0.65,1,0,0,0.35,1,1
soy_sauce_tamari,4,0.05,0,1,1,0.01,0,0
soy_sauce_traditional,4,0.95,0,0,0,0.6,0,2
peanut_butter,2,0.99,0,1,0,0.3,1,2
sunflower_butter,3,0.02,0,1,1,0.01,0,0
crackers,14,0.88,2,0,0,0.45,1,2
crackers_gf,8,0.12,1,1,1,0.02,0,0
tortillas_corn,4,0.05,0,1,1,0.01,0,0
tortillas_flour,8,0.95,2,0,0,0.5,0,2
pesto,8,0.92,1,0,0,0.4,1,2
rice_cakes,2,0.02,0,1,1,0.01,0,0
bbq_sauce,16,0.58,4,0,0,0.22,0,1
mustard_dijon,6,0.15,1,1,0,0.05,0,0
mayonnaise,7,0.1,1,1,1,0.02,0,0
trail_mix,9,0.98,1,0,0,0.5,1,2
fruit_leather,3,0.01,0,1,1,0.01,0,0
pretzels,10,0.95,1,0,0,0.52,0,2
pretzels_gf,9,0.12,1,1,1,0.02,0,0
croutons,8,0.98,2,0,0,0.58,1,2
marshmallows,6,0.1,1,1,1,0.02,0,0
gravy_mix,14,0.82,4,0,0,0.45,0,2
oatmeal_gf,1,0.02,0,1,1,0.01,0,0
oatmeal_bulk,1,0.6,0,0,0,0.3,1,1
beer,4,0.99,1,0,0,0.6,0,2
cider,3,0.02,0,1,1,0.01,0,0
pizza_frozen,25,0.92,4,0,0,0.55,1,2
pizza_gf,18,0.15,2,1,1,0.04,0,0
waffles_gf,12,0.1,1,1,1,0.03,0,0
waffles_regular,15,0.9,3,0,0,0.48,1,2
curry_paste,11,0.35,2,0,0,0.15,0,1
coconut_aminos,3,0.01,0,1,1,0.01,0,0
taco_seasoning,10,0.5,3,0,0,0.2,0,1
instant_ramen,19,0.96,5,0,0,0.6,1,2
rice_noodles,2,0.02,0,1,1,0.01,0,0
cereal_corn_flakes,8,0.7,2,0,0,0.35,1,2
hummus,6,0.05,1,1,1,0.02,0,0
guacamole,5,0.02,0,1,1,0.01,0,0
salsa,6,0.05,1,1,1,0.02,0,0
cream_cheese,4,0.05,0,1,1,0.01,0,0
yogurt_flavored,9,0.3,2,1,0,0.1,0,0
ketchup,8,0.15,2,1,0,0.05,0,0
bbq_sauce_thick,18,0.6,4,0,0,0.25,0,1
pudding_mix,12,0.45,3,0,0,0.18,0,1
gelatin_dessert,7,0.1,1,1,1,0.02,0,0
popcorn_plain,2,0.01,0,1,1,0.01,0,0
popcorn_cheddar,8,0.35,2,0,0,0.12,0,1
baking_powder,4,0.05,0,1,1,0.01,0,0
flour_all_purpose,1,0.99,0,0,0,0.6,0,2
flour_almond,1,0.95,0,1,0,0.35,1,2
flour_coconut,1,0.08,0,1,1,0.02,0,0
flour_rice,1,0.05,0,1,1,0.02,0,0
pancake_mix_gf,9,0.1,1,1,1,0.03,0,0
pancake_mix_regular,11,0.92,2,0,0,0.5,1,2
syrup_maple,1,0.01,0,1,1,0.01,0,0
syrup_flavored,8,0.2,2,0,0,0.08,0,0
hot_dog_buns,15,0.95,3,0,0,0.55,1,2
meatballs_frozen,17,0.85,3,0,0,0.45,1,2
sausage_certified,7,0.08,1,1,1,0.03,0,0
sausage_bulk,12,0.65,3,0,0,0.3,1,1
deli_turkey,5,0.1,1,1,1,0.03,0,0
deli_roast_beef,8,0.4,2,0,0,0.15,0,1
broth_chicken_gf,6,0.05,1,1,1,0.02,0,0
broth_chicken_regular,11,0.5,3,0,0,0.25,0,1
bouillon_cube,14,0.7,4,0,0,0.35,0,2
tea_herbal,3,0.01,0,1,1,0.01,0,0
tea_barley,2,0.99,0,0,0,0.6,0,2
coffee_beans,1,0.01,0,1,1,0.01,0,0
coffee_flavored,6,0.35,2,0,0,0.12,0,1
